{
  "model_name": "xgboost",
  "training_time": 789.4854009151459,
  "test_accuracy": 0.9985210376003821,
  "validation_accuracy": 0.998501799655314,
  "precision_macro": 0.9802199669829951,
  "precision_weighted": 0.9985124027523274,
  "recall_macro": 0.95484405244075,
  "recall_weighted": 0.9985210376003821,
  "f1_macro": 0.9650791209666751,
  "f1_weighted": 0.9985094061724377,
  "roc_auc_macro": 0.9999769857083783,
  "roc_auc_weighted": 0.9999762611195188,
  "per_class_metrics": {
    "(Re)Assoc": {
      "precision": 1.0,
      "recall": 1.0,
      "f1_score": 1.0
    },
    "Botnet": {
      "precision": 0.9190145459310707,
      "recall": 0.8217717365830794,
      "f1_score": 0.8676770801113517
    },
    "Deauth": {
      "precision": 1.0,
      "recall": 1.0,
      "f1_score": 1.0
    },
    "Disas": {
      "precision": 1.0,
      "recall": 1.0,
      "f1_score": 1.0
    },
    "Evil_Twin": {
      "precision": 0.9995549055763973,
      "recall": 0.9997456118036123,
      "f1_score": 0.9996502495946075
    },
    "Kr00K": {
      "precision": 1.0,
      "recall": 1.0,
      "f1_score": 1.0
    },
    "Krack": {
      "precision": 1.0,
      "recall": 1.0,
      "f1_score": 1.0
    },
    "Malware": {
      "precision": 0.9847800720409924,
      "recall": 0.9832337149225002,
      "f1_score": 0.98400628596051
    },
    "Normal": {
      "precision": 0.9993623409309516,
      "recall": 0.9988495117994148,
      "f1_score": 0.9991058605579172
    },
    "RogueAP": {
      "precision": 1.0,
      "recall": 1.0,
      "f1_score": 1.0
    },
    "SQL_Injection": {
      "precision": 0.9660377358490566,
      "recall": 0.649746192893401,
      "f1_score": 0.7769347496206374
    },
    "SSDP": {
      "precision": 0.9964297456254643,
      "recall": 0.9998032888635838,
      "f1_score": 0.9981136666770345
    },
    "SSH": {
      "precision": 0.8765957446808511,
      "recall": 0.9248035914702581,
      "f1_score": 0.9000546149645002
    },
    "Website_spoofing": {
      "precision": 0.9813044471271494,
      "recall": 0.9898630858346498,
      "f1_score": 0.9855651860468927
    }
  },
  "classification_report": {
    "(Re)Assoc": {
      "precision": 1.0,
      "recall": 1.0,
      "f1-score": 1.0,
      "support": 825.0
    },
    "Botnet": {
      "precision": 0.9190145459310707,
      "recall": 0.8217717365830794,
      "f1-score": 0.8676770801113517,
      "support": 8534.0
    },
    "Deauth": {
      "precision": 1.0,
      "recall": 1.0,
      "f1-score": 1.0,
      "support": 5841.0
    },
    "Disas": {
      "precision": 1.0,
      "recall": 1.0,
      "f1-score": 1.0,
      "support": 11270.0
    },
    "Evil_Twin": {
      "precision": 0.9995549055763973,
      "recall": 0.9997456118036123,
      "f1-score": 0.9996502495946075,
      "support": 15724.0
    },
    "Kr00K": {
      "precision": 1.0,
      "recall": 1.0,
      "f1-score": 1.0,
      "support": 844.0
    },
    "Krack": {
      "precision": 1.0,
      "recall": 1.0,
      "f1-score": 1.0,
      "support": 7499.0
    },
    "Malware": {
      "precision": 0.9847800720409924,
      "recall": 0.9832337149225002,
      "f1-score": 0.98400628596051,
      "support": 19742.0
    },
    "Normal": {
      "precision": 0.9993623409309516,
      "recall": 0.9988495117994148,
      "f1-score": 0.9991058605579172,
      "support": 4558065.0
    },
    "RogueAP": {
      "precision": 1.0,
      "recall": 1.0,
      "f1-score": 1.0,
      "support": 197.0
    },
    "SQL_Injection": {
      "precision": 0.9660377358490566,
      "recall": 0.649746192893401,
      "f1-score": 0.7769347496206374,
      "support": 394.0
    },
    "SSDP": {
      "precision": 0.9964297456254643,
      "recall": 0.9998032888635838,
      "f1-score": 0.9981136666770345,
      "support": 818459.0
    },
    "SSH": {
      "precision": 0.8765957446808511,
      "recall": 0.9248035914702581,
      "f1-score": 0.9000546149645002,
      "support": 1782.0
    },
    "Website_spoofing": {
      "precision": 0.9813044471271494,
      "recall": 0.9898630858346498,
      "f1-score": 0.9855651860468927,
      "support": 60768.0
    },
    "accuracy": 0.9985210376003821,
    "macro avg": {
      "precision": 0.9802199669829951,
      "recall": 0.95484405244075,
      "f1-score": 0.9650791209666751,
      "support": 5509944.0
    },
    "weighted avg": {
      "precision": 0.9985124027523274,
      "recall": 0.9985210376003821,
      "f1-score": 0.9985094061724377,
      "support": 5509944.0
    }
  },
  "confusion_matrix": [
    [
      825,
      0,
      0,
      0,
      0,
      0,
      0,
      0,
      0,
      0,
      0,
      0,
      0,
      0
    ],
    [
      0,
      7013,
      0,
      0,
      0,
      0,
      0,
      0,
      1521,
      0,
      0,
      0,
      0,
      0
    ],
    [
      0,
      0,
      5841,
      0,
      0,
      0,
      0,
      0,
      0,
      0,
      0,
      0,
      0,
      0
    ],
    [
      0,
      0,
      0,
      11270,
      0,
      0,
      0,
      0,
      0,
      0,
      0,
      0,
      0,
      0
    ],
    [
      0,
      0,
      0,
      0,
      15720,
      0,
      0,
      0,
      4,
      0,
      0,
      0,
      0,
      0
    ],
    [
      0,
      0,
      0,
      0,
      0,
      844,
      0,
      0,
      0,
      0,
      0,
      0,
      0,
      0
    ],
    [
      0,
      0,
      0,
      0,
      0,
      0,
      7499,
      0,
      0,
      0,
      0,
      0,
      0,
      0
    ],
    [
      0,
      0,
      0,
      0,
      0,
      0,
      0,
      19411,
      331,
      0,
      0,
      0,
      0,
      0
    ],
    [
      0,
      618,
      0,
      0,
      7,
      0,
      0,
      300,
      4552821,
      0,
      9,
      2932,
      232,
      1146
    ],
    [
      0,
      0,
      0,
      0,
      0,
      0,
      0,
      0,
      0,
      197,
      0,
      0,
      0,
      0
    ],
    [
      0,
      0,
      0,
      0,
      0,
      0,
      0,
      0,
      138,
      0,
      256,
      0,
      0,
      0
    ],
    [
      0,
      0,
      0,
      0,
      0,
      0,
      0,
      0,
      161,
      0,
      0,
      818298,
      0,
      0
    ],
    [
      0,
      0,
      0,
      0,
      0,
      0,
      0,
      0,
      134,
      0,
      0,
      0,
      1648,
      0
    ],
    [
      0,
      0,
      0,
      0,
      0,
      0,
      0,
      0,
      616,
      0,
      0,
      0,
      0,
      60152
    ]
  ]
}