{
  "model_name": "random_forest",
  "training_time": 25.335560083389282,
  "test_accuracy": 0.9951533333333333,
  "validation_accuracy": 0.9953933333333334,
  "precision_macro": 0.7829326479593199,
  "precision_weighted": 0.9947199396606591,
  "recall_macro": 0.6975586240194793,
  "recall_weighted": 0.9951533333333333,
  "f1_macro": 0.7229446111497666,
  "f1_weighted": 0.9944914330121623,
  "roc_auc_macro": 0.999752173521259,
  "roc_auc_weighted": 0.999834465290189,
  "per_class_metrics": {
    "(Re)Assoc": {
      "precision": 1.0,
      "recall": 0.92,
      "f1_score": 0.9583333333333334
    },
    "Botnet": {
      "precision": 1.0,
      "recall": 0.2554112554112554,
      "f1_score": 0.4068965517241379
    },
    "Deauth": {
      "precision": 1.0,
      "recall": 0.9875,
      "f1_score": 0.9937106918238994
    },
    "Disas": {
      "precision": 1.0,
      "recall": 1.0,
      "f1_score": 1.0
    },
    "Evil_Twin": {
      "precision": 0.9975903614457832,
      "recall": 0.9857142857142858,
      "f1_score": 0.9916167664670659
    },
    "Kr00K": {
      "precision": 1.0,
      "recall": 1.0,
      "f1_score": 1.0
    },
    "Krack": {
      "precision": 1.0,
      "recall": 1.0,
      "f1_score": 1.0
    },
    "Malware": {
      "precision": 0.9881235154394299,
      "recall": 0.7536231884057971,
      "f1_score": 0.8550873586844809
    },
    "Normal": {
      "precision": 0.9951184263348053,
      "recall": 0.9990407944478926,
      "f1_score": 0.9970757528830181
    },
    "RogueAP": {
      "precision": 0.0,
      "recall": 0.0,
      "f1_score": 0.0
    },
    "SQL_Injection": {
      "precision": 0.0,
      "recall": 0.0,
      "f1_score": 0.0
    },
    "SSDP": {
      "precision": 0.9959781928679954,
      "recall": 0.9999102736653208,
      "f1_score": 0.997940359989254
    },
    "SSH": {
      "precision": 0.0,
      "recall": 0.0,
      "f1_score": 0.0
    },
    "Website_spoofing": {
      "precision": 0.9842465753424657,
      "recall": 0.8646209386281588,
      "f1_score": 0.9205637411915438
    }
  },
  "classification_report": {
    "(Re)Assoc": {
      "precision": 1.0,
      "recall": 0.92,
      "f1-score": 0.9583333333333334,
      "support": 25.0
    },
    "Botnet": {
      "precision": 1.0,
      "recall": 0.2554112554112554,
      "f1-score": 0.4068965517241379,
      "support": 231.0
    },
    "Deauth": {
      "precision": 1.0,
      "recall": 0.9875,
      "f1-score": 0.9937106918238994,
      "support": 160.0
    },
    "Disas": {
      "precision": 1.0,
      "recall": 1.0,
      "f1-score": 1.0,
      "support": 299.0
    },
    "Evil_Twin": {
      "precision": 0.9975903614457832,
      "recall": 0.9857142857142858,
      "f1-score": 0.9916167664670659,
      "support": 420.0
    },
    "Kr00K": {
      "precision": 1.0,
      "recall": 1.0,
      "f1-score": 1.0,
      "support": 25.0
    },
    "Krack": {
      "precision": 1.0,
      "recall": 1.0,
      "f1-score": 1.0,
      "support": 212.0
    },
    "Malware": {
      "precision": 0.9881235154394299,
      "recall": 0.7536231884057971,
      "f1-score": 0.8550873586844809,
      "support": 552.0
    },
    "Normal": {
      "precision": 0.9951184263348053,
      "recall": 0.9990407944478926,
      "f1-score": 0.9970757528830181,
      "support": 124061.0
    },
    "RogueAP": {
      "precision": 0.0,
      "recall": 0.0,
      "f1-score": 0.0,
      "support": 6.0
    },
    "SQL_Injection": {
      "precision": 0.0,
      "recall": 0.0,
      "f1-score": 0.0,
      "support": 10.0
    },
    "SSDP": {
      "precision": 0.9959781928679954,
      "recall": 0.9999102736653208,
      "f1-score": 0.997940359989254,
      "support": 22290.0
    },
    "SSH": {
      "precision": 0.0,
      "recall": 0.0,
      "f1-score": 0.0,
      "support": 47.0
    },
    "Website_spoofing": {
      "precision": 0.9842465753424657,
      "recall": 0.8646209386281588,
      "f1-score": 0.9205637411915438,
      "support": 1662.0
    },
    "accuracy": 0.9951533333333333,
    "macro avg": {
      "precision": 0.7829326479593199,
      "recall": 0.6975586240194793,
      "f1-score": 0.7229446111497666,
      "support": 150000.0
    },
    "weighted avg": {
      "precision": 0.9947199396606591,
      "recall": 0.9951533333333333,
      "f1-score": 0.9944914330121623,
      "support": 150000.0
    }
  },
  "confusion_matrix": [
    [
      23,
      0,
      0,
      0,
      0,
      0,
      0,
      0,
      2,
      0,
      0,
      0,
      0,
      0
    ],
    [
      0,
      59,
      0,
      0,
      0,
      0,
      0,
      0,
      172,
      0,
      0,
      0,
      0,
      0
    ],
    [
      0,
      0,
      158,
      0,
      0,
      0,
      0,
      0,
      2,
      0,
      0,
      0,
      0,
      0
    ],
    [
      0,
      0,
      0,
      299,
      0,
      0,
      0,
      0,
      0,
      0,
      0,
      0,
      0,
      0
    ],
    [
      0,
      0,
      0,
      0,
      414,
      0,
      0,
      0,
      6,
      0,
      0,
      0,
      0,
      0
    ],
    [
      0,
      0,
      0,
      0,
      0,
      25,
      0,
      0,
      0,
      0,
      0,
      0,
      0,
      0
    ],
    [
      0,
      0,
      0,
      0,
      0,
      0,
      212,
      0,
      0,
      0,
      0,
      0,
      0,
      0
    ],
    [
      0,
      0,
      0,
      0,
      0,
      0,
      0,
      416,
      136,
      0,
      0,
      0,
      0,
      0
    ],
    [
      0,
      0,
      0,
      0,
      1,
      0,
      0,
      5,
      123942,
      0,
      0,
      90,
      0,
      23
    ],
    [
      0,
      0,
      0,
      0,
      0,
      0,
      0,
      0,
      6,
      0,
      0,
      0,
      0,
      0
    ],
    [
      0,
      0,
      0,
      0,
      0,
      0,
      0,
      0,
      10,
      0,
      0,
      0,
      0,
      0
    ],
    [
      0,
      0,
      0,
      0,
      0,
      0,
      0,
      0,
      2,
      0,
      0,
      22288,
      0,
      0
    ],
    [
      0,
      0,
      0,
      0,
      0,
      0,
      0,
      0,
      47,
      0,
      0,
      0,
      0,
      0
    ],
    [
      0,
      0,
      0,
      0,
      0,
      0,
      0,
      0,
      225,
      0,
      0,
      0,
      0,
      1437
    ]
  ]
}