feature,importance
feature_4,0.15828460304524294
feature_12,0.12146980939642303
feature_0,0.11857086823153415
feature_1,0.0976878644812976
feature_23,0.07324650026694877
feature_2,0.0662940561472251
feature_3,0.06336585978581895
feature_27,0.05059105180459736
feature_14,0.043823651837049324
feature_25,0.037688878412549004
feature_5,0.037642314007950484
feature_9,0.03337424636371771
feature_28,0.022071946605790926
feature_10,0.016785224386516515
feature_13,0.01163714064625805
feature_18,0.011505089388227677
feature_20,0.010845535933892222
feature_11,0.00897060537259078
feature_8,0.004118599230542338
feature_22,0.004114409950795304
feature_24,0.003718311640480103
feature_26,0.0028547597650307507
feature_21,0.0007540748517918609
feature_7,0.00048485915464052887
feature_17,4.064979805072866e-05
feature_6,3.091758550979395e-05
feature_19,1.7714803466662374e-05
feature_16,5.319724102460172e-06
feature_15,5.137381958817266e-06
